_step,step,loss,eval_loss,step_time_sec,moe_dropped_fraction,moe_router_entropy,moe_expert_fraction_min,moe_expert_fraction_max,grad_norm
0,0,9.52328872680664,9.522256851196289,8.801977508002892,0.1310882568359375,1.2942585945129395,0.14136219024658203,0.43717098236083984,2.1475512981414795
50,50,5.347325325012207,5.329532146453857,0.4311281070113182,0.0026273727416992188,1.2905738353729248,0.2002115249633789,0.29323768615722656,1.6167558431625366
100,100,4.425532341003418,4.440106511116028,0.24256375804543495,0,1.1648736000061035,0.20630741119384766,0.28720951080322266,0.6332083940505981
150,150,3.8406643867492676,3.816907823085785,0.2568953540176153,0,1.019287347793579,0.22973346710205078,0.26982593536376953,0.27525684237480164
200,200,3.5868449211120605,3.613506257534027,0.25102247507311404,0,1.027039885520935,0.22207260131835938,0.28417491912841797,0.18229436874389648
250,250,3.4969635009765625,3.5069929361343384,0.2668318198993802,0,1.0571222305297852,0.2090606689453125,0.2768592834472656,0.10748466104269028
300,300,3.42291259765625,3.418991804122925,0.25626541301608086,0,1.066158413887024,0.21727752685546875,0.2827119827270508,0.088127002120018
350,350,3.366946220397949,3.3663885593414307,0.2606408391147852,0,1.0989035367965698,0.2214040756225586,0.27362632751464844,0.06654858589172363
400,400,3.2939157485961914,3.2772947549819946,0.2645045300014317,0,1.1106934547424316,0.21614360809326172,0.27523040771484375,0.06084296107292175
450,450,3.256044626235962,3.2378970980644226,0.2549436162225902,0,1.1230006217956543,0.21880531311035156,0.2753915786743164,0.07462307065725327
500,500,3.2263216972351074,3.236479938030243,0.2677698468323797,0,1.1340484619140625,0.2190837860107422,0.2705984115600586,0.04893801733851433
550,550,3.198513984680176,3.2122285962104797,0.25638576899655163,0,1.138146162033081,0.21506500244140625,0.2807426452636719,0.05531417205929756
600,600,3.145517587661743,3.1656911373138428,0.2600762639194727,0,1.1400299072265625,0.21181774139404297,0.2813119888305664,0.051396436989307404
650,650,3.4429445266723633,3.4448026418685913,0.2626705018337816,0.029693603515625,1.0177773237228394,0.1916656494140625,0.33492374420166016,0.07119303941726685
700,700,3.3152894973754883,3.283523201942444,0.24588854797184467,0.0020360946655273438,1.0204787254333496,0.18741703033447266,0.2907695770263672,0.043341014534235
750,750,3.171645164489746,3.2169437408447266,0.2531777680851519,0,1.0504846572875977,0.212158203125,0.28453636169433594,0.04237150028347969
800,800,3.117532253265381,3.139927327632904,0.2567579378373921,0,1.0725517272949219,0.2157297134399414,0.2733621597290039,0.04910383000969887
850,850,3.1117193698883057,3.142790973186493,0.2606668290682137,0,1.0753839015960693,0.21875762939453125,0.28619956970214844,0.05735534429550171
900,900,3.068981409072876,3.112029254436493,0.25533646903932095,0,1.08650803565979,0.22068023681640625,0.27835941314697266,0.03310144320130348
950,950,3.1043882369995117,3.111090838909149,0.2607084861956537,0.00033664703369140625,1.0693519115447998,0.20885848999023438,0.29361724853515625,0.03639687970280647
1000,1000,3.065230131149292,3.0765443444252014,0.28066342510282993,0.0018529891967773438,1.0629136562347412,0.1913309097290039,0.2888965606689453,0.03524773195385933
1000,1000,3.065230131149292,3.0765443444252014,0.28066342510282993,0.0018529891967773438,1.0629136562347412,0.1913309097290039,0.2888965606689453,0.03524773195385933
1050,1050,3.0894393920898438,3.079258382320404,0.25994235882535577,0,1.071547031402588,0.22568893432617188,0.2760896682739258,0.038780130445957184
1100,1100,3.0552282333374023,3.069436550140381,0.25605823704972863,0,1.0624403953552246,0.22675037384033203,0.2777099609375,0.045577339828014374
1150,1150,3.0350351333618164,3.049969732761383,0.25816351012326777,0,1.0564179420471191,0.2018899917602539,0.29321861267089844,0.03227762132883072
1200,1200,3.0236756801605225,3.0430619716644287,0.2636081229429692,0,1.07106614112854,0.21422290802001953,0.2824859619140625,0.04501904174685478
1250,1250,3.011920213699341,3.050250232219696,0.27551452489569783,0,1.0674296617507935,0.22138500213623047,0.28001976013183594,0.0509134903550148
1300,1300,3.0019171237945557,3.0321884155273438,0.25124795199371874,0,1.0697332620620728,0.22152328491210938,0.28334522247314453,0.0487152636051178
1350,1350,3.0962135791778564,3.1257839798927307,0.2639415168669075,0.13393211364746094,0.9695069789886475,0.1418895721435547,0.42575931549072266,0.07105167210102081
1400,1400,3.046360492706299,3.0526351928710938,0.2536691459827125,0.00742340087890625,1.0144377946853638,0.19739913940429688,0.3006124496459961,0.03474460169672966
1450,1450,3.017498731613159,3.032128632068634,0.25022905110381544,0,1.0268354415893555,0.2159719467163086,0.2835073471069336,429048224.0
1500,1500,2.984715461730957,2.9976847171783447,0.2580814170651138,0,1.039492130279541,0.22473430633544922,0.2775278091430664,0.041026998311281204
1550,1550,2.9752235412597656,2.97787082195282,0.2632629929576069,0,1.0473730564117432,0.21722126007080078,0.28500843048095703,0.04084175080060959
1600,1600,2.9761879444122314,2.953926146030426,0.25432806997559965,0,1.0501883029937744,0.22072696685791016,0.2816753387451172,0.037069931626319885
1650,1650,2.9241106510162354,2.984848201274872,0.2533960628788918,0,1.0596580505371094,0.21930980682373047,0.2801551818847656,0.03744853660464287
1700,1700,2.920449733734131,2.9577292799949646,0.2605998779181391,0,1.0616438388824463,0.21561241149902344,0.28363800048828125,0.03772615268826485
1750,1750,2.9828720092773438,2.9821659326553345,0.24912061402574182,0.005446434020996094,1.0244393348693848,0.19812393188476562,0.30737876892089844,0.03918404504656792
1800,1800,2.9725818634033203,2.9453883171081543,0.26196486805565655,0,1.0209546089172363,0.2190876007080078,0.2831840515136719,0.034157902002334595
1850,1850,2.942986488342285,2.946542263031006,0.25055912300013006,0,1.0329630374908447,0.2254648208618164,0.2818584442138672,0.04088444635272026
1900,1900,2.9602890014648438,2.9696252942085266,0.25346909603103995,0,1.0411577224731445,0.22467803955078125,0.2796363830566406,0.035107508301734924
1950,1950,2.930284023284912,2.9343730211257935,0.2522610330488533,0,1.0469645261764526,0.22023963928222656,0.2827157974243164,0.04854534566402435
2000,2000,2.877532958984375,2.95306259393692,0.25975571596063673,1.9073486328125e-06,1.0531940460205078,0.2217998504638672,0.28255748748779297,0.036519892513751984
2000,2000,2.877532958984375,2.95306259393692,0.25975571596063673,1.9073486328125e-06,1.0531940460205078,0.2217998504638672,0.28255748748779297,0.036519892513751984
2050,2050,2.879486560821533,2.8775410056114197,0.2552398710977286,0,1.05136239528656,0.22121810913085938,0.2856912612915039,0.03441103175282478
2100,2100,2.879310131072998,2.891541600227356,0.25331442686729133,0,1.0558116436004639,0.22460174560546875,0.2791881561279297,0.04856181889772415
2150,2150,2.885427236557007,2.9209882020950317,0.2597950929775834,0,1.0606861114501953,0.22263050079345703,0.28258800506591797,0.047061849385499954
2200,2200,2.922562837600708,2.9137680530548096,0.25467041321098804,0,1.0568594932556152,0.21074295043945312,0.2896690368652344,0.04382709413766861
2250,2250,2.880642890930176,2.894653856754303,0.2542356960475445,0.0001850128173828125,1.0458428859710693,0.19677352905273438,0.2914104461669922,0.046520594507455826
2300,2300,2.883077383041382,2.913046717643738,0.2569309149403125,0,1.0501339435577393,0.22474384307861328,0.2821197509765625,0.04459980130195618
2350,2350,2.8747222423553467,2.9037806391716003,0.27005548402667046,0,1.0543251037597656,0.22227096557617188,0.27988147735595703,0.03895137831568718
2400,2400,2.889244556427002,2.8879570364952087,0.25515488302335143,0,1.0225813388824463,0.22014808654785156,0.28748607635498047,0.039459098130464554
2450,2450,2.887410879135132,2.8721641898155212,0.2530323979444802,0.00026416778564453125,1.0299668312072754,0.2161865234375,0.28824806213378906,0.06828726828098297
2500,2500,2.8953776359558105,2.8545437455177307,0.25571016501635313,0,1.0341776609420776,0.22103023529052734,0.28113460540771484,0.04981004446744919
2550,2550,2.8571925163269043,2.8818695545196533,0.2625055650714785,0,1.0399284362792969,0.2260570526123047,0.27857112884521484,0.040711067616939545
2600,2600,2.8417961597442627,2.895547091960907,0.2615397837944329,0,1.0392956733703613,0.22411537170410156,0.27982521057128906,0.04740313068032265
2650,2650,2.869863510131836,2.8889386653900146,0.2509917509742081,0.00040340423583984375,1.0307942628860474,0.21529579162597656,0.2875337600708008,0.03373188152909279
2700,2700,2.839266777038574,2.8847694396972656,0.25185511307790875,0,1.0376472473144531,0.21699905395507812,0.2823019027709961,0.04668949916958809
2750,2750,2.8357272148132324,2.8828449845314026,0.2697637800592929,0,1.0368802547454834,0.22354793548583984,0.28172969818115234,0.06274662911891937
2800,2800,2.8392484188079834,2.8264623284339905,0.256099299993366,0,1.0400217771530151,0.220428466796875,0.2836465835571289,0.045226458460092545
2850,2850,2.83833646774292,2.8580737113952637,0.2558016190305352,0,1.0419846773147583,0.22340965270996094,0.28498077392578125,0.05772388353943825
2900,2900,2.832284450531006,2.84215247631073,0.253091482212767,0.0014066696166992188,1.0438730716705322,0.2190847396850586,0.2889242172241211,0.047466207295656204
2950,2950,2.816216230392456,2.8298258781433105,0.25263699889183044,0,1.0474694967269897,0.22428512573242188,0.28270530700683594,0.04506179317831993
3000,3000,2.868684768676758,2.8602912425994873,0.26079910108819604,0.0077648162841796875,1.022510051727295,0.2005481719970703,0.3074960708618164,0.07650956511497498
3000,3000,2.868684768676758,2.8602912425994873,0.26079910108819604,0.0077648162841796875,1.022510051727295,0.2005481719970703,0.3074960708618164,0.07650956511497498
3050,3050,2.8742003440856934,2.8540512323379517,0.25365387299098074,0.0012369155883789062,1.0143401622772217,0.21828365325927734,0.28648948669433594,0.05500870570540428
3100,3100,2.8383545875549316,2.8541011810302734,0.2544382601045072,0.000812530517578125,1.0262864828109741,0.22107219696044922,0.2824878692626953,0.03974178805947304
3150,3150,2.8233020305633545,2.852301001548767,0.26927885692566633,0,1.0263155698776245,0.2256336212158203,0.2780342102050781,0.04914398863911629
3200,3200,2.821861743927002,2.8122074007987976,0.2558438228443265,0.0015659332275390625,1.0329480171203613,0.21778392791748047,0.2860860824584961,0.040732864290475845
3250,3250,2.8564958572387695,2.8458147644996643,0.25565255293622613,0.00022602081298828125,1.037394642829895,0.22229290008544922,0.28333473205566406,0.05424138903617859
3300,3300,2.823996067047119,2.813745677471161,0.2580412549432367,0,1.040860652923584,0.22217273712158203,0.28620433807373047,0.0471486821770668
3350,3350,2.7785229682922363,2.829635500907898,0.26049125799909234,0,1.0382418632507324,0.2141103744506836,0.28608131408691406,0.045766640454530716
3400,3400,2.8227362632751465,2.822342336177826,0.2759897350333631,0.000461578369140625,1.0371341705322266,0.20519447326660156,0.2933464050292969,0.07662849873304367
3450,3450,2.79496693611145,2.8472516536712646,0.260322191985324,0.0040225982666015625,1.027855396270752,0.1868734359741211,0.2957267761230469,0.061210330575704575
3500,3500,2.8117411136627197,2.835340440273285,0.2600787370465696,0,1.028659462928772,0.22635173797607422,0.2785310745239258,0.04385046660900116
3550,3550,2.813664197921753,2.7952908277511597,0.25541829713620245,0,1.0354899168014526,0.22191143035888672,0.27706432342529297,0.04026458412408829
3600,3600,2.8085436820983887,2.8212507367134094,0.2560144739691168,0,1.0341863632202148,0.22249698638916016,0.2779550552368164,0.06275703758001328
3650,3650,2.797029972076416,2.81493604183197,0.25117178191430867,0.000896453857421875,1.0298824310302734,0.2253856658935547,0.2851133346557617,0.04582744464278221
3700,3700,2.7938995361328125,2.82876056432724,0.26095711602829397,0,1.0315101146697998,0.2265634536743164,0.2800130844116211,0.03949267417192459
3750,3750,2.7862625122070312,2.8116629123687744,0.2546379859559238,0.00027370452880859375,1.0307178497314453,0.21082305908203125,0.2998046875,0.043364040553569794
3800,3800,2.7820959091186523,2.816726505756378,0.25281159207224846,0.00042057037353515625,1.0245640277862549,0.22297000885009766,0.28403186798095703,0.04986630007624626
3850,3850,2.7822680473327637,2.8055721521377563,0.25575052690692246,0.00025463104248046875,1.0242741107940674,0.22420120239257812,0.2841806411743164,0.06023741886019707
3900,3900,2.7646117210388184,2.8014004826545715,0.25671450700610876,0,1.0324132442474365,0.2232341766357422,0.28474998474121094,0.060541216284036636
3950,3950,2.752384662628174,2.8374951481819153,0.2536483220756054,0.000255584716796875,1.0316598415374756,0.22051334381103516,0.2868633270263672,0.043472640216350555
4000,4000,2.782837390899658,2.8208996057510376,0.27128446591086686,0,1.0401504039764404,0.2216653823852539,0.2889556884765625,0.047988295555114746
4000,4000,2.782837390899658,2.8208996057510376,0.27128446591086686,0,1.0401504039764404,0.2216653823852539,0.2889556884765625,0.047988295555114746
4050,4050,2.778306007385254,2.7893036603927612,0.2737906950060278,0.000232696533203125,1.0370457172393799,0.22510242462158203,0.2855081558227539,0.04582815244793892
4100,4100,2.774207353591919,2.79580819606781,0.25993805401958525,0,1.04081130027771,0.2211322784423828,0.28899574279785156,0.05253388360142708
4150,4150,2.773467540740967,2.782103717327118,0.2567862570285797,0.0004329681396484375,1.043219804763794,0.22142887115478516,0.2843160629272461,0.05409665033221245
4200,4200,2.804422616958618,2.811913251876831,0.25339830201119184,0.012455940246582031,1.018540620803833,0.17623138427734375,0.31899547576904297,0.060751836746931076
4250,4250,2.795945882797241,2.816563129425049,0.2628662830684334,0,1.0123636722564697,0.22116565704345703,0.2804727554321289,0.05177200213074684
4300,4300,2.81587290763855,2.794416606426239,0.25205800822004676,0,1.0201250314712524,0.22664165496826172,0.2795906066894531,0.0516401007771492
4350,4350,2.8242578506469727,2.819231152534485,0.2615616738330573,0.013564109802246094,1.0243655443191528,0.19992637634277344,0.31649303436279297,0.08853283524513245
4400,4400,2.776805877685547,2.788359820842743,0.25717684091068804,0.000591278076171875,0.9990935325622559,0.22731971740722656,0.28432655334472656,0.05927616357803345
4450,4450,2.7817325592041016,2.752304255962372,0.2505882598925382,0,1.0088269710540771,0.22617626190185547,0.28304576873779297,0.046597398817539215
4500,4500,2.7916419506073,2.7761236429214478,0.25302617298439145,0,1.01575767993927,0.22420310974121094,0.28156471252441406,0.048498205840587616
4550,4550,2.767169952392578,2.7910351157188416,0.27912177983671427,0.00023174285888671875,1.0219385623931885,0.2242145538330078,0.2826671600341797,0.05195262283086777
4600,4600,2.78326678276062,2.784959614276886,0.27415317203849554,0.000335693359375,1.0217838287353516,0.2224597930908203,0.28232383728027344,0.047725893557071686
4650,4650,2.773763418197632,2.8110004663467407,0.26237119594588876,0.006117820739746094,0.9974966049194336,0.20027923583984375,0.3053112030029297,0.05708455294370651
4700,4700,2.795985698699951,2.853012442588806,0.24233764200471342,0.021852493286132812,0.9590587615966797,0.1920185089111328,0.33331298828125,0.06647446751594543
4750,4750,2.802741289138794,2.817486524581909,0.25704705179668963,3.4332275390625e-05,0.9334495067596436,0.2109966278076172,0.2995901107788086,0.054406553506851196
4800,4800,2.7646098136901855,2.7715535759925842,0.26018811389803886,0.0008230209350585938,0.9396145343780518,0.22050094604492188,0.2898683547973633,0.06951288133859634
4850,4850,2.7387242317199707,2.7762547731399536,0.2562599959783256,9.34600830078125e-05,0.9515277147293091,0.22387409210205078,0.2865266799926758,0.07072796672582626
4900,4900,2.7511587142944336,2.779284119606018,0.25743228709325194,0.000858306884765625,0.9611730575561523,0.2245645523071289,0.285247802734375,0.04073404520750046
4950,4950,2.761898994445801,2.785541355609894,0.2544897759798914,0,0.9686789512634277,0.2245655059814453,0.2852640151977539,0.06165095418691635
5000,5000,2.737973690032959,2.8021833896636963,0.2566789200063795,0,0.9708287715911865,0.22008419036865234,0.2847433090209961,0.04621461033821106
5000,5000,2.737973690032959,2.8021833896636963,0.2566789200063795,0,0.9708287715911865,0.22008419036865234,0.2847433090209961,0.04621461033821106
5050,5050,2.7513980865478516,2.7791925072669983,0.25385312689468265,0,0.9784599542617798,0.2246408462524414,0.28378772735595703,0.04622336104512215
